{"cameraMode":{"drawMode":0,"name":"Shaded","section":"Shading Mode"},"sceneLighting":true,"audioPlay":false,"sceneViewState":{"m_AlwaysRefresh":false,"showFog":true,"showSkybox":true,"showFlares":true,"showImageEffects":true,"showParticleSystems":true,"showVisualEffectGraphs":true,"m_FxEnabled":true},"in2DMode":false,"pivot":{"x":-0.08101314306259155,"y":1.1429146528244019,"z":15.270515441894532},"rotation":{"x":0.006875146646052599,"y":-0.9920910596847534,"z":0.10846567153930664,"w":0.06287911534309387},"size":1.377281665802002,"orthographic":false}