{"cameraMode":{"drawMode":0,"name":"Shaded","section":"Shading Mode"},"sceneLighting":false,"audioPlay":false,"sceneViewState":{"m_AlwaysRefresh":false,"showFog":true,"showSkybox":false,"showFlares":true,"showImageEffects":true,"showParticleSystems":true,"showVisualEffectGraphs":true,"m_FxEnabled":true},"in2DMode":false,"pivot":{"x":0.3312639594078064,"y":1.5031840801239014,"z":1.5476999282836915},"rotation":{"x":0.00482385465875268,"y":0.9946807026863098,"z":-0.055573198944330218,"w":0.08674465119838715},"size":0.28993403911590578,"orthographic":false}