{"cameraMode":{"drawMode":0,"name":"Shaded","section":"Shading Mode"},"sceneLighting":false,"audioPlay":false,"sceneViewState":{"m_AlwaysRefresh":false,"showFog":true,"showSkybox":false,"showFlares":true,"showImageEffects":true,"showParticleSystems":true,"showVisualEffectGraphs":true,"m_FxEnabled":true},"in2DMode":false,"pivot":{"x":0.35584697127342226,"y":1.5157009363174439,"z":1.5741698741912842},"rotation":{"x":0.050721850246191028,"y":-0.9178462028503418,"z":0.12466831505298615,"w":0.3734363913536072},"size":0.42408835887908938,"orthographic":false}