{"cameraMode":{"drawMode":0,"name":"Shaded","section":"Shading Mode"},"sceneLighting":false,"audioPlay":false,"sceneViewState":{"m_AlwaysRefresh":false,"showFog":true,"showSkybox":false,"showFlares":true,"showImageEffects":true,"showParticleSystems":true,"showVisualEffectGraphs":true,"m_FxEnabled":true},"in2DMode":false,"pivot":{"x":0.15866291522979737,"y":0.5363636016845703,"z":0.30943095684051516},"rotation":{"x":0.050721850246191028,"y":-0.9178462028503418,"z":0.12466831505298615,"w":0.3734363913536072},"size":2.484689950942993,"orthographic":false}